,ATE,ATE,ATE,ATE,ATE,ATE,ATE,ATE,ATE,ATE,ATE,ATE,ATE,ATE,ATE
"(0.10,0.45]",-0.6095238095238096,-0.5807017543859648,-0.5905511811023622,-0.6353982300884957,-0.5775999999999999,-0.5462962962962963,-0.5807017543859648,-0.5568965517241379,-0.610344827586207,-0.6630630630630631,-0.5,-0.5721739130434783,-0.6145454545454545,-0.5933333333333333,-0.5603448275862069
"(0.45,0.80]",-0.64,-0.5694117647058823,-0.6350515463917525,-0.6511627906976745,-0.5674418604651162,-0.5777777777777777,-0.5978021978021979,-0.6095238095238096,-0.5241379310344827,-0.6347826086956523,-0.5863636363636363,-0.6341463414634146,-0.5651162790697675,-0.61,-0.5583333333333335
"(0.80,1.00]",-0.49523809523809526,-0.6299999999999999,-0.6,-0.5506493506493506,-0.5793103448275861,-0.5692307692307692,-0.6211764705882352,-0.5175000000000001,-0.5714285714285714,-0.5357142857142857,-0.5760000000000001,-0.563855421686747,-0.6084507042253522,-0.5560975609756098,-0.656179775280899
